total,limit,start,data
40,50,0,"{'id': '09DF0950-D319-4557-A57E-04CD2F63FF42', 'name': 'Arts and Culture'}"
40,50,0,"{'id': '13A57703-BB1A-41A2-94B8-53B692EB7238', 'name': 'Astronomy'}"
40,50,0,"{'id': '5F723BAD-7359-48FC-98FA-631592256E35', 'name': 'Auto and ATV'}"
40,50,0,"{'id': '7CE6E935-F839-4FEC-A63E-052B1DEF39D2', 'name': 'Biking'}"
40,50,0,"{'id': '071BA73C-1D3C-46D4-A53C-00D5602F7F0E', 'name': 'Boating'}"
40,50,0,"{'id': 'A59947B7-3376-49B4-AD02-C0423E08C5F7', 'name': 'Camping'}"
40,50,0,"{'id': '07CBCA6A-46B8-413F-8B6C-ABEDEBF9853E', 'name': 'Canyoneering'}"
40,50,0,"{'id': 'BA316D0F-92AE-4E00-8C80-DBD605DC58C3', 'name': 'Caving'}"
40,50,0,"{'id': 'B12FAAB9-713F-4B38-83E4-A273F5A43C77', 'name': 'Climbing'}"
40,50,0,"{'id': 'C11D3746-5063-4BD0-B245-7178D1AD866C', 'name': 'Compass and GPS'}"
40,50,0,"{'id': '8C495067-8E94-4D78-BBD4-3379DACF6550', 'name': 'Dog Sledding'}"
40,50,0,"{'id': 'AE42B46C-E4B7-4889-A122-08FE180371AE', 'name': 'Fishing'}"
40,50,0,"{'id': 'D72206E4-6CD1-4441-A355-F8F1827466B1', 'name': 'Flying'}"
40,50,0,"{'id': '1DFACD97-1B9C-4F5A-80F2-05593604799E', 'name': 'Food'}"
40,50,0,"{'id': '3F3ABD16-2C52-4EAA-A1F6-4235DE5686F0', 'name': 'Golfing'}"
40,50,0,"{'id': 'B33DC9B6-0B7D-4322-BAD7-A13A34C584A3', 'name': 'Guided Tours'}"
40,50,0,"{'id': '42FD78B9-2B90-4AA9-BC43-F10E9FEA8B5A', 'name': 'Hands-On'}"
40,50,0,"{'id': 'BFF8C027-7C8F-480B-A5F8-CD8CE490BFBA', 'name': 'Hiking'}"
40,50,0,"{'id': '0307955A-B65C-4CE4-A780-EB36BAAADF0B', 'name': 'Horse Trekking'}"
40,50,0,"{'id': '8386EEAF-985F-4DE8-9037-CCF91975AC94', 'name': 'Hunting and Gathering'}"
40,50,0,"{'id': '5FF5B286-E9C3-430E-B612-3380D8138600', 'name': 'Ice Skating'}"
40,50,0,"{'id': 'DF4A35E0-7983-4A3E-BC47-F37B872B0F25', 'name': 'Junior Ranger Program'}"
40,50,0,"{'id': 'B204DE60-5A24-43DD-8902-C81625A09A74', 'name': 'Living History'}"
40,50,0,"{'id': 'C8F98B28-3C10-41AE-AA99-092B3B398C43', 'name': 'Museum Exhibits'}"
40,50,0,"{'id': '4D224BCA-C127-408B-AC75-A51563C42411', 'name': 'Paddling'}"
40,50,0,"{'id': '0C0D142F-06B5-4BE1-8B44-491B90F93DEB', 'name': 'Park Film'}"
40,50,0,"{'id': '7779241F-A70B-49BC-86F0-829AE332C708', 'name': 'Playground'}"
40,50,0,"{'id': '42CF4021-8524-428E-866A-D33097A4A764', 'name': 'SCUBA Diving'}"
40,50,0,"{'id': '24380E3F-AD9D-4E38-BF13-C8EEB21893E7', 'name': 'Shopping'}"
40,50,0,"{'id': 'F9B1D433-6B86-4804-AED7-B50A519A3B7C', 'name': 'Skiing'}"
40,50,0,"{'id': '3EBF7EAC-68FC-4754-B6A4-0C38A1583D45', 'name': 'Snorkeling'}"
40,50,0,"{'id': 'C38B3C62-1BBF-4EA1-A1A2-35DE21B74C17', 'name': 'Snow Play'}"
40,50,0,"{'id': '7C912B83-1B1B-4807-9B66-97C12211E48E', 'name': 'Snowmobiling'}"
40,50,0,"{'id': '01D717BC-18BB-4FE4-95BA-6B13AD702038', 'name': 'Snowshoeing'}"
40,50,0,"{'id': 'AE3C95F5-E05B-4A28-81DD-1C5FD4BE88E2', 'name': 'Surfing'}"
40,50,0,"{'id': '587BB2D3-EC35-41B2-B3F7-A39E2B088AEE', 'name': 'Swimming'}"
40,50,0,"{'id': '94369BFD-F186-477E-8713-AE2A745154DA', 'name': 'Team Sports'}"
40,50,0,"{'id': '4D06CEED-90C6-4B69-B264-32CC90B69BA6', 'name': 'Tubing'}"
40,50,0,"{'id': '8A1C7B17-C2C6-4F7C-9539-EA1E19971D80', 'name': 'Water Skiing'}"
40,50,0,"{'id': '0B685688-3405-4E2A-ABBA-E3069492EC50', 'name': 'Wildlife Watching'}"
